,|Data Year|,|Utility Number|,|Utility Name|,|State|,|County|
0,2014,97,Adams Electric Coop,IL,Adams
1,2014,97,Adams Electric Coop,IL,Brown
2,2014,97,Adams Electric Coop,IL,Schuyler
3,2014,229,City of Albany - (IL),IL,Whiteside
4,2014,366,City of Allendale- (IL),IL,Wabash
5,2014,406,City of Altamont - (IL),IL,Effingham
6,2014,1325,City of Batavia - (IL),IL,Kane
7,2014,1648,Village of Bethany - (IL),IL,Moultrie
8,2014,2188,City of Breese - (IL),IL,Clinton
9,2014,2634,City of Bushnell - (IL),IL,McDonough
10,2014,2776,Cairo Public Utility Company,IL,Alexander
11,2014,2776,Cairo Public Utility Company,IL,Pulaski
12,2014,3037,City of Carlyle - (IL),IL,Clinton
13,2014,3040,City of Carmi - (IL),IL,White
14,2014,3153,City of Casey - (IL),IL,Clark
15,2014,3405,Village of Chatham - (IL),IL,Sangamon
16,2014,3726,Clay Electric Coop Inc,IL,Clay
17,2014,3726,Clay Electric Coop Inc,IL,Effingham
18,2014,3726,Clay Electric Coop Inc,IL,Fayette
19,2014,3726,Clay Electric Coop Inc,IL,Jasper
20,2014,3726,Clay Electric Coop Inc,IL,Marion
21,2014,3726,Clay Electric Coop Inc,IL,Richland
22,2014,3726,Clay Electric Coop Inc,IL,Wayne
23,2014,3806,"Clinton County Elec Coop, Inc",IL,Clinton
24,2014,3806,"Clinton County Elec Coop, Inc",IL,Fayette
25,2014,3806,"Clinton County Elec Coop, Inc",IL,Madison
26,2014,3806,"Clinton County Elec Coop, Inc",IL,Marion
27,2014,3806,"Clinton County Elec Coop, Inc",IL,St Clair
28,2014,3806,"Clinton County Elec Coop, Inc",IL,Washington
29,2014,3931,Coles-Moultrie Electric Coop,IL,Clark
30,2014,3931,Coles-Moultrie Electric Coop,IL,Coles
31,2014,3931,Coles-Moultrie Electric Coop,IL,Cumberland
32,2014,3931,Coles-Moultrie Electric Coop,IL,Douglas
33,2014,3931,Coles-Moultrie Electric Coop,IL,Edgar
34,2014,3931,Coles-Moultrie Electric Coop,IL,Moultrie
35,2014,3931,Coles-Moultrie Electric Coop,IL,Piatt
36,2014,3931,Coles-Moultrie Electric Coop,IL,Shelby
37,2014,4110,Commonwealth Edison Co,IL,Boone
38,2014,4110,Commonwealth Edison Co,IL,Bureau
39,2014,4110,Commonwealth Edison Co,IL,Carroll
40,2014,4110,Commonwealth Edison Co,IL,Cook
41,2014,4110,Commonwealth Edison Co,IL,DeKalb
42,2014,4110,Commonwealth Edison Co,IL,DuPage
43,2014,4110,Commonwealth Edison Co,IL,Ford
44,2014,4110,Commonwealth Edison Co,IL,Grundy
45,2014,4110,Commonwealth Edison Co,IL,Jo Daviess
46,2014,4110,Commonwealth Edison Co,IL,Kane
47,2014,4110,Commonwealth Edison Co,IL,Kankakee
48,2014,4110,Commonwealth Edison Co,IL,Kendall
49,2014,4110,Commonwealth Edison Co,IL,LaSalle
50,2014,4110,Commonwealth Edison Co,IL,Lake
51,2014,4110,Commonwealth Edison Co,IL,Lee
52,2014,4110,Commonwealth Edison Co,IL,Livingston
53,2014,4110,Commonwealth Edison Co,IL,Marshall
54,2014,4110,Commonwealth Edison Co,IL,McHenry
55,2014,4110,Commonwealth Edison Co,IL,Ogle
56,2014,4110,Commonwealth Edison Co,IL,Stephenson
57,2014,4110,Commonwealth Edison Co,IL,Whiteside
58,2014,4110,Commonwealth Edison Co,IL,Will
59,2014,4110,Commonwealth Edison Co,IL,Winnebago
60,2014,4110,Commonwealth Edison Co,IL,Woodford
61,2014,4362,Corn Belt Energy Corporation,IL,Bureau
62,2014,4362,Corn Belt Energy Corporation,IL,Champaign
63,2014,4362,Corn Belt Energy Corporation,IL,DeWitt
64,2014,4362,Corn Belt Energy Corporation,IL,Ford
65,2014,4362,Corn Belt Energy Corporation,IL,Henry
66,2014,4362,Corn Belt Energy Corporation,IL,Kendall
67,2014,4362,Corn Belt Energy Corporation,IL,Knox
68,2014,4362,Corn Belt Energy Corporation,IL,LaSalle
69,2014,4362,Corn Belt Energy Corporation,IL,Livingston
70,2014,4362,Corn Belt Energy Corporation,IL,Logan
71,2014,4362,Corn Belt Energy Corporation,IL,Macon
72,2014,4362,Corn Belt Energy Corporation,IL,Marshall
73,2014,4362,Corn Belt Energy Corporation,IL,McLean
74,2014,4362,Corn Belt Energy Corporation,IL,Piatt
75,2014,4362,Corn Belt Energy Corporation,IL,Putnam
76,2014,4362,Corn Belt Energy Corporation,IL,Stark
77,2014,4362,Corn Belt Energy Corporation,IL,Tazewell
78,2014,4362,Corn Belt Energy Corporation,IL,Woodford
79,2014,5531,Enerstar Power Corp,IL,Clark
80,2014,5531,Enerstar Power Corp,IL,Coles
81,2014,5531,Enerstar Power Corp,IL,Douglas
82,2014,5531,Enerstar Power Corp,IL,Edgar
83,2014,5531,Enerstar Power Corp,IL,Vermilion
84,2014,5535,Egyptian Electric Coop Assn,IL,Franklin
85,2014,5535,Egyptian Electric Coop Assn,IL,Jackson
86,2014,5535,Egyptian Electric Coop Assn,IL,Johnson
87,2014,5535,Egyptian Electric Coop Assn,IL,Monroe
88,2014,5535,Egyptian Electric Coop Assn,IL,Perry
89,2014,5535,Egyptian Electric Coop Assn,IL,Randolph
90,2014,5535,Egyptian Electric Coop Assn,IL,St Clair
91,2014,5535,Egyptian Electric Coop Assn,IL,Union
92,2014,5535,Egyptian Electric Coop Assn,IL,Washington
93,2014,5535,Egyptian Electric Coop Assn,IL,Williamson
94,2014,5585,Eastern Illinois Elec Coop,IL,Champaign
95,2014,5585,Eastern Illinois Elec Coop,IL,Douglas
96,2014,5585,Eastern Illinois Elec Coop,IL,Edgar
97,2014,5585,Eastern Illinois Elec Coop,IL,Ford
98,2014,5585,Eastern Illinois Elec Coop,IL,Iroquois
99,2014,5585,Eastern Illinois Elec Coop,IL,Livingston
100,2014,5585,Eastern Illinois Elec Coop,IL,McLean
101,2014,5585,Eastern Illinois Elec Coop,IL,Moultrie
102,2014,5585,Eastern Illinois Elec Coop,IL,Piatt
103,2014,5585,Eastern Illinois Elec Coop,IL,Vermilion
104,2014,6141,City of Fairfield- (IL),IL,Wayne
105,2014,6192,City of Farmer City - (IL),IL,DeWitt
106,2014,6417,City of Flora - (IL),IL,Clay
107,2014,6764,Village of Freeburg - (IL),IL,St Clair
108,2014,7095,City of Geneseo - (IL),IL,Henry
109,2014,7096,City of Geneva- (IL),IL,Kane
110,2014,7633,Village of Greenup - (IL),IL,Cumberland
111,2014,8573,City of Highland,IL,Bond
112,2014,8573,City of Highland,IL,Clinton
113,2014,8573,City of Highland,IL,Madison
114,2014,8573,City of Highland,IL,St Clair
115,2014,8824,M J M Electric Cooperative Inc,IL,Bond
116,2014,8824,M J M Electric Cooperative Inc,IL,Fayette
117,2014,8824,M J M Electric Cooperative Inc,IL,Greene
118,2014,8824,M J M Electric Cooperative Inc,IL,Jersey
119,2014,8824,M J M Electric Cooperative Inc,IL,Macoupin
120,2014,8824,M J M Electric Cooperative Inc,IL,Madison
121,2014,8824,M J M Electric Cooperative Inc,IL,Montgomery
122,2014,9209,Illinois Rural Electric Coop,IL,Adams
123,2014,9209,Illinois Rural Electric Coop,IL,Brown
124,2014,9209,Illinois Rural Electric Coop,IL,Calhoun
125,2014,9209,Illinois Rural Electric Coop,IL,Cass
126,2014,9209,Illinois Rural Electric Coop,IL,Greene
127,2014,9209,Illinois Rural Electric Coop,IL,Jersey
128,2014,9209,Illinois Rural Electric Coop,IL,Macoupin
129,2014,9209,Illinois Rural Electric Coop,IL,Morgan
130,2014,9209,Illinois Rural Electric Coop,IL,Pike
131,2014,9209,Illinois Rural Electric Coop,IL,Scott
132,2014,9750,Jo-Carroll Energy Coop Inc,IL,Carroll
133,2014,9750,Jo-Carroll Energy Coop Inc,IL,Henry
134,2014,9750,Jo-Carroll Energy Coop Inc,IL,Jo Daviess
135,2014,9750,Jo-Carroll Energy Coop Inc,IL,Whiteside
136,2014,11736,City of Marshall - (IL),IL,Clark
137,2014,11790,City of Mascoutah - (IL),IL,St Clair
138,2014,12070,McDonough Power Coop,IL,Fulton
139,2014,12070,McDonough Power Coop,IL,Hancock
140,2014,12070,McDonough Power Coop,IL,Henderson
141,2014,12070,McDonough Power Coop,IL,Knox
142,2014,12070,McDonough Power Coop,IL,McDonough
143,2014,12070,McDonough Power Coop,IL,Schuyler
144,2014,12070,McDonough Power Coop,IL,Warren
145,2014,12167,City of McLeansboro - (IL),IL,Hamilton
146,2014,12341,MidAmerican Energy Co,IL,Henry
147,2014,12341,MidAmerican Energy Co,IL,Mercer
148,2014,12341,MidAmerican Energy Co,IL,Rock Island
149,2014,12388,City of Metropolis - (IL),IL,Massac
150,2014,12395,Menard Electric Coop,IL,Cass
151,2014,12395,Menard Electric Coop,IL,Logan
152,2014,12395,Menard Electric Coop,IL,Macon
153,2014,12395,Menard Electric Coop,IL,Mason
154,2014,12395,Menard Electric Coop,IL,Menard
155,2014,12395,Menard Electric Coop,IL,Morgan
156,2014,12395,Menard Electric Coop,IL,Sangamon
157,2014,12395,Menard Electric Coop,IL,Tazewell
158,2014,12803,"Monroe County Elec Coop, Inc",IL,Monroe
159,2014,12803,"Monroe County Elec Coop, Inc",IL,Randolph
160,2014,12803,"Monroe County Elec Coop, Inc",IL,St Clair
161,2014,13032,Mt Carmel Public Utility Co,IL,Wabash
162,2014,13208,City of Naperville - (IL),IL,Du Page
163,2014,13208,City of Naperville - (IL),IL,Will
164,2014,13292,Norris Electric Coop,IL,Clark
165,2014,13292,Norris Electric Coop,IL,Clay
166,2014,13292,Norris Electric Coop,IL,Crawford
167,2014,13292,Norris Electric Coop,IL,Cumberland
168,2014,13292,Norris Electric Coop,IL,Effingham
169,2014,13292,Norris Electric Coop,IL,Jasper
170,2014,13292,Norris Electric Coop,IL,Lawrence
171,2014,13292,Norris Electric Coop,IL,Richland
172,2014,13292,Norris Electric Coop,IL,Shelby
173,2014,13292,Norris Electric Coop,IL,Wabash
174,2014,13560,City of Newton - (IL),IL,Jasper
175,2014,13993,City of Oglesby - (IL),IL,La Salle
176,2014,14840,City of Peru - (IL),IL,La Salle
177,2014,15388,City of Princeton - (IL),IL,Bureau
178,2014,15686,Village of Rantoul - (IL),IL,Champaign
179,2014,15772,City of Red Bud - (IL),IL,Randolph
180,2014,16092,Village of Riverton - (IL),IL,Sangamon
181,2014,16179,Rochelle Municipal Utilities,IL,Lee
182,2014,16179,Rochelle Municipal Utilities,IL,Ogle
183,2014,16196,Rock Energy Cooperative,IL,Boone
184,2014,16196,Rock Energy Cooperative,IL,McHenry
185,2014,16196,Rock Energy Cooperative,IL,Stephenson
186,2014,16196,Rock Energy Cooperative,IL,Winnebago
187,2014,16198,City of Rock Falls - (IL),IL,Whiteside
188,2014,16269,City of Roodhouse - (IL),IL,Greene
189,2014,16420,Rural Electric Conven Coop,IL,Christian
190,2014,16420,Rural Electric Conven Coop,IL,Macoupin
191,2014,16420,Rural Electric Conven Coop,IL,Montgomery
192,2014,16420,Rural Electric Conven Coop,IL,Morgan
193,2014,16420,Rural Electric Conven Coop,IL,Sangamon
194,2014,16740,Scenic Rivers Energy Coop,IL,Jo Daviess
195,2014,16740,Scenic Rivers Energy Coop,IL,Stephenson
196,2014,17040,"Shelby Electric Coop, Inc",IL,Christian
197,2014,17040,"Shelby Electric Coop, Inc",IL,Cumberland
198,2014,17040,"Shelby Electric Coop, Inc",IL,Effingham
199,2014,17040,"Shelby Electric Coop, Inc",IL,Fayette
200,2014,17040,"Shelby Electric Coop, Inc",IL,Macon
201,2014,17040,"Shelby Electric Coop, Inc",IL,Montgomery
202,2014,17040,"Shelby Electric Coop, Inc",IL,Moultrie
203,2014,17040,"Shelby Electric Coop, Inc",IL,Sangamon
204,2014,17040,"Shelby Electric Coop, Inc",IL,Shelby
205,2014,17585,"Southeastern IL Elec Coop, Inc",IL,Franklin
206,2014,17585,"Southeastern IL Elec Coop, Inc",IL,Gallatin
207,2014,17585,"Southeastern IL Elec Coop, Inc",IL,Hamilton
208,2014,17585,"Southeastern IL Elec Coop, Inc",IL,Hardin
209,2014,17585,"Southeastern IL Elec Coop, Inc",IL,Johnson
210,2014,17585,"Southeastern IL Elec Coop, Inc",IL,Massac
211,2014,17585,"Southeastern IL Elec Coop, Inc",IL,Pope
212,2014,17585,"Southeastern IL Elec Coop, Inc",IL,Saline
213,2014,17585,"Southeastern IL Elec Coop, Inc",IL,White
214,2014,17585,"Southeastern IL Elec Coop, Inc",IL,Williamson
215,2014,17631,Southern Illinois Elec Coop,IL,Alexander
216,2014,17631,Southern Illinois Elec Coop,IL,Jackson
217,2014,17631,Southern Illinois Elec Coop,IL,Johnson
218,2014,17631,Southern Illinois Elec Coop,IL,Massac
219,2014,17631,Southern Illinois Elec Coop,IL,Pope
220,2014,17631,Southern Illinois Elec Coop,IL,Pulaski
221,2014,17631,Southern Illinois Elec Coop,IL,Union
222,2014,17631,Southern Illinois Elec Coop,IL,Williamson
223,2014,17697,Southwestern Electric Coop Inc - (IL),IL,Bond
224,2014,17697,Southwestern Electric Coop Inc - (IL),IL,Clay
225,2014,17697,Southwestern Electric Coop Inc - (IL),IL,Clinton
226,2014,17697,Southwestern Electric Coop Inc - (IL),IL,Effingham
227,2014,17697,Southwestern Electric Coop Inc - (IL),IL,Fayette
228,2014,17697,Southwestern Electric Coop Inc - (IL),IL,Macoupin
229,2014,17697,Southwestern Electric Coop Inc - (IL),IL,Madison
230,2014,17697,Southwestern Electric Coop Inc - (IL),IL,Marion
231,2014,17697,Southwestern Electric Coop Inc - (IL),IL,Montgomery
232,2014,17697,Southwestern Electric Coop Inc - (IL),IL,Shelby
233,2014,17697,Southwestern Electric Coop Inc - (IL),IL,St Clair
234,2014,17828,City of Springfield - (IL),IL,Sangamon
235,2014,17838,"Spoon River Electric Coop, Inc",IL,Fulton
236,2014,17838,"Spoon River Electric Coop, Inc",IL,Knox
237,2014,17838,"Spoon River Electric Coop, Inc",IL,McDonough
238,2014,17838,"Spoon River Electric Coop, Inc",IL,Peoria
239,2014,17838,"Spoon River Electric Coop, Inc",IL,Schuyler
240,2014,17860,City of St Charles - (IL),IL,DuPage
241,2014,17860,City of St Charles - (IL),IL,Kane
242,2014,18277,City of Sullivan - (IL),IL,Moultrie
243,2014,18955,"Tri-County Electric Coop, Inc",IL,Clay
244,2014,18955,"Tri-County Electric Coop, Inc",IL,Clinton
245,2014,18955,"Tri-County Electric Coop, Inc",IL,Franklin
246,2014,18955,"Tri-County Electric Coop, Inc",IL,Hamilton
247,2014,18955,"Tri-County Electric Coop, Inc",IL,Jefferson
248,2014,18955,"Tri-County Electric Coop, Inc",IL,Marion
249,2014,18955,"Tri-County Electric Coop, Inc",IL,Perry
250,2014,18955,"Tri-County Electric Coop, Inc",IL,St Clair
251,2014,18955,"Tri-County Electric Coop, Inc",IL,Washington
252,2014,18955,"Tri-County Electric Coop, Inc",IL,Wayne
253,2014,20111,Warren County Rural E M C,IL,Iroquois
254,2014,20111,Warren County Rural E M C,IL,Vermilion
255,2014,20180,City of Waterloo - (IL),IL,Monroe
256,2014,20222,Wayne-White Counties Elec Coop,IL,Clay
257,2014,20222,Wayne-White Counties Elec Coop,IL,Edwards
258,2014,20222,Wayne-White Counties Elec Coop,IL,Franklin
259,2014,20222,Wayne-White Counties Elec Coop,IL,Gallatin
260,2014,20222,Wayne-White Counties Elec Coop,IL,Hamilton
261,2014,20222,Wayne-White Counties Elec Coop,IL,Jefferson
262,2014,20222,Wayne-White Counties Elec Coop,IL,Marion
263,2014,20222,Wayne-White Counties Elec Coop,IL,Richland
264,2014,20222,Wayne-White Counties Elec Coop,IL,Wabash
265,2014,20222,Wayne-White Counties Elec Coop,IL,Wayne
266,2014,20222,Wayne-White Counties Elec Coop,IL,White
267,2014,20824,Village of Winnetka - (IL),IL,Cook
268,2014,29296,Western Illinois Elec Coop,IL,Adams
269,2014,29296,Western Illinois Elec Coop,IL,Hancock
270,2014,29296,Western Illinois Elec Coop,IL,Henderson
271,2014,29296,Western Illinois Elec Coop,IL,McDonough
272,2014,40307,"Prairie Power, Inc",IL,Adams
273,2014,40307,"Prairie Power, Inc",IL,Brown
274,2014,40307,"Prairie Power, Inc",IL,Calhoun
275,2014,40307,"Prairie Power, Inc",IL,Cass
276,2014,40307,"Prairie Power, Inc",IL,Christian
277,2014,40307,"Prairie Power, Inc",IL,Fulton
278,2014,40307,"Prairie Power, Inc",IL,Greene
279,2014,40307,"Prairie Power, Inc",IL,Hancock
280,2014,40307,"Prairie Power, Inc",IL,Henderson
281,2014,40307,"Prairie Power, Inc",IL,Knox
282,2014,40307,"Prairie Power, Inc",IL,Logan
283,2014,40307,"Prairie Power, Inc",IL,Macoupin
284,2014,40307,"Prairie Power, Inc",IL,Mason
285,2014,40307,"Prairie Power, Inc",IL,McDonough
286,2014,40307,"Prairie Power, Inc",IL,Menard
287,2014,40307,"Prairie Power, Inc",IL,Montgomery
288,2014,40307,"Prairie Power, Inc",IL,Morgan
289,2014,40307,"Prairie Power, Inc",IL,Pike
290,2014,40307,"Prairie Power, Inc",IL,Sangamon
291,2014,40307,"Prairie Power, Inc",IL,Schuyler
292,2014,40307,"Prairie Power, Inc",IL,Scott
293,2014,40367,Village of Ladd - (IL),IL,Bureau
294,2014,56697,Ameren Illinois Company,IL,Adams
295,2014,56697,Ameren Illinois Company,IL,Alexander
296,2014,56697,Ameren Illinois Company,IL,Bond
297,2014,56697,Ameren Illinois Company,IL,Brown
298,2014,56697,Ameren Illinois Company,IL,Bureau
299,2014,56697,Ameren Illinois Company,IL,Calhoun
300,2014,56697,Ameren Illinois Company,IL,Cass
301,2014,56697,Ameren Illinois Company,IL,Champaign
302,2014,56697,Ameren Illinois Company,IL,Christian
303,2014,56697,Ameren Illinois Company,IL,Clark
304,2014,56697,Ameren Illinois Company,IL,Clay
305,2014,56697,Ameren Illinois Company,IL,Clinton
306,2014,56697,Ameren Illinois Company,IL,Coles
307,2014,56697,Ameren Illinois Company,IL,Crawford
308,2014,56697,Ameren Illinois Company,IL,Cumberland
309,2014,56697,Ameren Illinois Company,IL,DeWitt
310,2014,56697,Ameren Illinois Company,IL,Douglas
311,2014,56697,Ameren Illinois Company,IL,Edgar
312,2014,56697,Ameren Illinois Company,IL,Edwards
313,2014,56697,Ameren Illinois Company,IL,Effingham
314,2014,56697,Ameren Illinois Company,IL,Fayette
315,2014,56697,Ameren Illinois Company,IL,Ford
316,2014,56697,Ameren Illinois Company,IL,Franklin
317,2014,56697,Ameren Illinois Company,IL,Fulton
318,2014,56697,Ameren Illinois Company,IL,Gallatin
319,2014,56697,Ameren Illinois Company,IL,Greene
320,2014,56697,Ameren Illinois Company,IL,Hancock
321,2014,56697,Ameren Illinois Company,IL,Henderson
322,2014,56697,Ameren Illinois Company,IL,Henry
323,2014,56697,Ameren Illinois Company,IL,Iroquois
324,2014,56697,Ameren Illinois Company,IL,Jackson
325,2014,56697,Ameren Illinois Company,IL,Jasper
326,2014,56697,Ameren Illinois Company,IL,Jefferson
327,2014,56697,Ameren Illinois Company,IL,Jersey
328,2014,56697,Ameren Illinois Company,IL,Johnson
329,2014,56697,Ameren Illinois Company,IL,Kendall
330,2014,56697,Ameren Illinois Company,IL,Knox
331,2014,56697,Ameren Illinois Company,IL,La Salle
332,2014,56697,Ameren Illinois Company,IL,Lawrence
333,2014,56697,Ameren Illinois Company,IL,Livingston
334,2014,56697,Ameren Illinois Company,IL,Logan
335,2014,56697,Ameren Illinois Company,IL,Macon
336,2014,56697,Ameren Illinois Company,IL,Macoupin
337,2014,56697,Ameren Illinois Company,IL,Madison
338,2014,56697,Ameren Illinois Company,IL,Marion
339,2014,56697,Ameren Illinois Company,IL,Marshall
340,2014,56697,Ameren Illinois Company,IL,Mason
341,2014,56697,Ameren Illinois Company,IL,Massac
342,2014,56697,Ameren Illinois Company,IL,McDonough
343,2014,56697,Ameren Illinois Company,IL,McLean
344,2014,56697,Ameren Illinois Company,IL,Menard
345,2014,56697,Ameren Illinois Company,IL,Mercer
346,2014,56697,Ameren Illinois Company,IL,Monroe
347,2014,56697,Ameren Illinois Company,IL,Montgomery
348,2014,56697,Ameren Illinois Company,IL,Morgan
349,2014,56697,Ameren Illinois Company,IL,Moultrie
350,2014,56697,Ameren Illinois Company,IL,Peoria
351,2014,56697,Ameren Illinois Company,IL,Perry
352,2014,56697,Ameren Illinois Company,IL,Piatt
353,2014,56697,Ameren Illinois Company,IL,Pike
354,2014,56697,Ameren Illinois Company,IL,Pulaski
355,2014,56697,Ameren Illinois Company,IL,Putnam
356,2014,56697,Ameren Illinois Company,IL,Randolph
357,2014,56697,Ameren Illinois Company,IL,Richland
358,2014,56697,Ameren Illinois Company,IL,Saline
359,2014,56697,Ameren Illinois Company,IL,Sangamon
360,2014,56697,Ameren Illinois Company,IL,Schuyler
361,2014,56697,Ameren Illinois Company,IL,Scott
362,2014,56697,Ameren Illinois Company,IL,Shelby
363,2014,56697,Ameren Illinois Company,IL,St Clair
364,2014,56697,Ameren Illinois Company,IL,Stark
365,2014,56697,Ameren Illinois Company,IL,Tazewell
366,2014,56697,Ameren Illinois Company,IL,Union
367,2014,56697,Ameren Illinois Company,IL,Vermilion
368,2014,56697,Ameren Illinois Company,IL,Wabash
369,2014,56697,Ameren Illinois Company,IL,Warren
370,2014,56697,Ameren Illinois Company,IL,Washington
371,2014,56697,Ameren Illinois Company,IL,Wayne
372,2014,56697,Ameren Illinois Company,IL,White
373,2014,56697,Ameren Illinois Company,IL,Williamson
374,2014,56697,Ameren Illinois Company,IL,Woodford
